axis,model_a,model_b,n_stories,n_per_condition,overall_rho,within_condition_rho,high_warmth_rho,low_warmth_rho,high_competence_rho,low_competence_rho
warmth,Gemma-3-12B,Gemma-3-27B,200,50,0.817927,0.554766,0.537383,0.716591,0.607971,0.357119
warmth,Gemma-3-12B,Gemma-4-12B,200,50,0.766219,0.19491,0.42377,-0.183866,0.387947,0.151789
warmth,Gemma-3-12B,Gemma-4-26B-A4B,200,50,0.741262,0.094598,0.158607,0.019832,0.156783,0.043169
warmth,Gemma-3-12B,Gemma-4-31B,200,50,0.801464,0.284658,0.435006,0.09407,0.337911,0.271645
warmth,Gemma-3-12B,Llama-3.1-8B,200,50,0.767839,0.203481,0.506363,0.078031,0.232557,-0.003025
warmth,Gemma-3-12B,Qwen3-14B,200,50,0.760413,0.159568,0.391501,0.052101,0.276639,-0.081969
warmth,Gemma-3-12B,Qwen3.6-27B,200,50,0.802642,0.307827,0.427515,0.241393,0.368259,0.194142
warmth,Gemma-3-12B,Qwen3.6-35B-A3B,200,50,0.797021,0.250972,0.370564,0.167155,0.322737,0.143433
warmth,Gemma-3-27B,Gemma-4-12B,200,50,0.756961,0.12036,0.556303,-0.322449,0.123745,0.123842
warmth,Gemma-3-27B,Gemma-4-26B-A4B,200,50,0.759209,0.12401,0.371044,0.020984,0.073806,0.030204
warmth,Gemma-3-27B,Gemma-4-31B,200,50,0.762436,0.182113,0.340024,-0.00898,0.218247,0.17916
warmth,Gemma-3-27B,Llama-3.1-8B,200,50,0.782649,0.208235,0.432701,-0.05988,0.373445,0.086675
warmth,Gemma-3-27B,Qwen3-14B,200,50,0.777094,0.223025,0.40994,0.027803,0.316975,0.137383
warmth,Gemma-3-27B,Qwen3.6-27B,200,50,0.79226,0.307827,0.461224,0.118079,0.347227,0.304778
warmth,Gemma-3-27B,Qwen3.6-35B-A3B,200,50,0.76047,0.174142,0.353277,0.062281,0.278463,0.002545
warmth,Gemma-4-12B,Gemma-4-26B-A4B,200,50,0.910697,0.434454,0.599808,0.3406,0.433565,0.363842
warmth,Gemma-4-12B,Gemma-4-31B,200,50,0.940135,0.574142,0.766339,0.426843,0.703721,0.399664
warmth,Gemma-4-12B,Llama-3.1-8B,200,50,0.930913,0.476158,0.571765,0.366819,0.429052,0.536999
warmth,Gemma-4-12B,Qwen3-14B,200,50,0.940899,0.51575,0.722353,0.408499,0.496855,0.435294
warmth,Gemma-4-12B,Qwen3.6-27B,200,50,0.920048,0.452845,0.705162,0.331957,0.458824,0.315438
warmth,Gemma-4-12B,Qwen3.6-35B-A3B,200,50,0.883513,0.451212,0.463529,0.438271,0.491861,0.411188
warmth,Gemma-4-26B-A4B,Gemma-4-31B,200,50,0.905073,0.466723,0.569076,0.372965,0.413685,0.511164
warmth,Gemma-4-26B-A4B,Llama-3.1-8B,200,50,0.931781,0.586267,0.665114,0.568403,0.45018,0.661369
warmth,Gemma-4-26B-A4B,Qwen3-14B,200,50,0.947895,0.698223,0.71467,0.634766,0.646963,0.796495
warmth,Gemma-4-26B-A4B,Qwen3.6-27B,200,50,0.919425,0.530084,0.597407,0.453541,0.460072,0.609316
warmth,Gemma-4-26B-A4B,Qwen3.6-35B-A3B,200,50,0.891627,0.488187,0.424442,0.471693,0.451813,0.604802
warmth,Gemma-4-31B,Llama-3.1-8B,200,50,0.908126,0.427803,0.564658,0.322641,0.380552,0.443361
warmth,Gemma-4-31B,Qwen3-14B,200,50,0.922265,0.497263,0.726579,0.333782,0.447779,0.480912
warmth,Gemma-4-31B,Qwen3.6-27B,200,50,0.926282,0.502089,0.634286,0.302665,0.497815,0.573589
warmth,Gemma-4-31B,Qwen3.6-35B-A3B,200,50,0.901899,0.47916,0.476206,0.304394,0.58569,0.550348
warmth,Llama-3.1-8B,Qwen3-14B,200,50,0.978189,0.832677,0.851429,0.752125,0.840288,0.886867
warmth,Llama-3.1-8B,Qwen3.6-27B,200,50,0.945255,0.641176,0.739448,0.56389,0.686627,0.574742
warmth,Llama-3.1-8B,Qwen3.6-35B-A3B,200,50,0.896161,0.541489,0.585018,0.627563,0.434238,0.519136
warmth,Qwen3-14B,Qwen3.6-27B,200,50,0.952905,0.724298,0.771621,0.751837,0.701032,0.672701
warmth,Qwen3-14B,Qwen3.6-35B-A3B,200,50,0.904089,0.595246,0.585882,0.730612,0.504634,0.559856
warmth,Qwen3.6-27B,Qwen3.6-35B-A3B,200,50,0.930145,0.684874,0.717551,0.752989,0.542281,0.726675
competence,Gemma-3-12B,Gemma-3-27B,200,50,0.825018,0.556543,0.512605,0.71928,0.586747,0.407539
competence,Gemma-3-12B,Gemma-4-12B,200,50,0.785964,0.32581,0.413109,0.169652,0.458343,0.262137
competence,Gemma-3-12B,Gemma-4-26B-A4B,200,50,0.791514,0.307011,0.222089,0.28413,0.355486,0.366339
competence,Gemma-3-12B,Gemma-4-31B,200,50,0.81187,0.412965,0.552941,0.282497,0.435774,0.380648
competence,Gemma-3-12B,Llama-3.1-8B,200,50,0.78168,0.295246,0.416182,0.27443,0.339064,0.151309
competence,Gemma-3-12B,Qwen3-14B,200,50,0.794712,0.363505,0.436639,0.33551,0.467083,0.21479
competence,Gemma-3-12B,Qwen3.6-27B,200,50,0.798639,0.329772,0.422137,0.262521,0.355774,0.278655
competence,Gemma-3-12B,Qwen3.6-35B-A3B,200,50,0.78468,0.281537,0.380936,0.252341,0.341657,0.151212
competence,Gemma-3-27B,Gemma-4-12B,200,50,0.830845,0.283794,0.533061,0.117791,0.288547,0.195774
competence,Gemma-3-27B,Gemma-4-26B-A4B,200,50,0.822765,0.257767,0.26377,0.206435,0.319376,0.241489
competence,Gemma-3-27B,Gemma-4-31B,200,50,0.819214,0.310516,0.457575,0.310828,0.259064,0.214598
competence,Gemma-3-27B,Llama-3.1-8B,200,50,0.834172,0.303505,0.394574,0.274718,0.430588,0.114142
competence,Gemma-3-27B,Qwen3-14B,200,50,0.836407,0.31419,0.406387,0.29988,0.396303,0.15419
competence,Gemma-3-27B,Qwen3.6-27B,200,50,0.828583,0.261969,0.459304,0.20048,0.25964,0.128451
competence,Gemma-3-27B,Qwen3.6-35B-A3B,200,50,0.800126,0.20389,0.369412,0.167923,0.31928,-0.041056
competence,Gemma-4-12B,Gemma-4-26B-A4B,200,50,0.959845,0.618031,0.563601,0.55928,0.728691,0.620552
competence,Gemma-4-12B,Gemma-4-31B,200,50,0.952233,0.64461,0.754238,0.532581,0.67952,0.612101
competence,Gemma-4-12B,Llama-3.1-8B,200,50,0.964166,0.589988,0.577239,0.694118,0.608547,0.480048
competence,Gemma-4-12B,Qwen3-14B,200,50,0.970055,0.645786,0.678655,0.646194,0.70545,0.552845
competence,Gemma-4-12B,Qwen3.6-27B,200,50,0.964875,0.621224,0.621609,0.68605,0.637071,0.540168
competence,Gemma-4-12B,Qwen3.6-35B-A3B,200,50,0.935248,0.47587,0.486675,0.453926,0.534118,0.428764
competence,Gemma-4-26B-A4B,Gemma-4-31B,200,50,0.946563,0.619112,0.583866,0.532101,0.685954,0.674526
competence,Gemma-4-26B-A4B,Llama-3.1-8B,200,50,0.974139,0.750612,0.793229,0.77527,0.769892,0.664058
competence,Gemma-4-26B-A4B,Qwen3-14B,200,50,0.979587,0.802401,0.823673,0.854214,0.838463,0.693253
competence,Gemma-4-26B-A4B,Qwen3.6-27B,200,50,0.972137,0.726795,0.779688,0.619208,0.73551,0.772773
competence,Gemma-4-26B-A4B,Qwen3.6-35B-A3B,200,50,0.944923,0.531981,0.481969,0.481969,0.655798,0.508187
competence,Gemma-4-31B,Llama-3.1-8B,200,50,0.943299,0.577311,0.58886,0.607779,0.52461,0.587995
competence,Gemma-4-31B,Qwen3-14B,200,50,0.952141,0.662785,0.723121,0.57916,0.645714,0.703145
competence,Gemma-4-31B,Qwen3.6-27B,200,50,0.9517,0.632509,0.706218,0.500888,0.587611,0.735318
competence,Gemma-4-31B,Qwen3.6-35B-A3B,200,50,0.928273,0.514814,0.558415,0.301032,0.597407,0.602401
competence,Llama-3.1-8B,Qwen3-14B,200,50,0.992206,0.898583,0.917407,0.879664,0.915582,0.881681
competence,Llama-3.1-8B,Qwen3.6-27B,200,50,0.978896,0.756759,0.826843,0.745114,0.763745,0.691333
competence,Llama-3.1-8B,Qwen3.6-35B-A3B,200,50,0.943092,0.513301,0.577719,0.513085,0.525378,0.437023
competence,Qwen3-14B,Qwen3.6-27B,200,50,0.981212,0.783265,0.820792,0.737623,0.815318,0.759328
competence,Qwen3-14B,Qwen3.6-35B-A3B,200,50,0.951996,0.584082,0.591453,0.588571,0.607011,0.549292
competence,Qwen3.6-27B,Qwen3.6-35B-A3B,200,50,0.957067,0.62982,0.665594,0.635342,0.476014,0.742329
